Vehicle_ID,Vehicle_Type,Age_Years,Odometer_km,Trips_Completed,Fuel_Efficiency_kmpl,Maintenance_Count,Average_Load_Percent,Average_Trip_Distance_km,Engine_Temperature,Tire_Health,Breakdown
VH1000,Truck,1,44299,220,3.11,1,47,124,85.9,96,0
VH1001,Truck,10,421208,930,2.57,15,57,258,99.1,30,1
VH1002,Truck,9,284248,2952,3.55,12,87,304,101.6,30,1
VH1003,Truck,3,115392,588,3.19,4,57,364,87.6,74,0
VH1004,Truck,2,64898,259,3.4,2,74,290,80.3,77,0
VH1005,Truck,12,480870,3156,2.81,15,78,100,98.9,30,1
VH1006,Mini Truck,11,544282,2361,7.89,15,38,66,95.9,30,1
VH1007,Van,5,120916,876,13.2,5,78,304,92.8,57,0
VH1008,Bus,11,411277,1546,2.74,14,56,293,101.9,30,1
VH1009,Truck,10,289725,2987,4.32,12,50,493,97.6,30,1
VH1010,Bus,5,246001,849,3.37,6,37,254,99.9,62,0
VH1011,Truck,6,225162,1028,2.67,6,70,237,97.3,51,0
VH1012,Bus,7,308519,1499,2.29,12,47,272,100.3,42,1
VH1013,Mini Truck,12,546491,2714,9.49,18,81,390,99.0,30,1
VH1014,Van,3,126784,745,8.55,4,36,132,87.3,70,0
VH1015,Van,11,303876,3667,10.53,12,38,414,97.0,30,1
VH1016,Bus,10,445392,2967,2.5,14,100,31,103.6,30,1
VH1017,Truck,11,501527,1972,4.42,16,73,134,100.7,30,1
VH1018,Mini Truck,7,181460,1489,5.02,6,63,532,99.9,52,0
VH1019,Van,9,235789,1942,13.05,10,94,223,101.8,41,1
VH1020,Van,6,162349,1584,13.72,7,97,20,98.0,57,1
VH1021,Mini Truck,8,165105,1098,9.65,8,69,265,98.4,51,1
VH1022,Truck,4,195082,481,2.71,5,92,90,97.3,56,0
VH1023,Van,3,146474,726,13.68,5,51,291,83.8,80,0
VH1024,Bus,4,150686,731,3.43,6,81,402,91.1,65,0
VH1025,Bus,9,416708,1215,2.5,11,38,366,95.3,36,1
VH1026,Truck,10,490414,1742,3.97,14,30,92,98.3,30,1
VH1027,Truck,4,88834,384,4.65,5,39,546,92.0,71,0
VH1028,Van,5,227248,838,11.24,8,90,268,93.2,57,0
VH1029,Bus,7,189914,753,2.19,8,85,382,93.9,41,1
VH1030,Bus,7,262427,2329,3.46,6,42,82,96.9,51,1
VH1031,Bus,12,417892,1407,2.5,15,54,569,104.8,30,1
VH1032,Bus,3,115296,427,2.56,4,61,97,81.4,72,0
VH1033,Bus,9,231332,927,3.3,11,99,35,98.4,30,1
VH1034,Truck,4,101798,1152,3.71,3,57,430,87.0,74,0
VH1035,Truck,3,109672,242,4.96,3,63,485,86.9,79,0
VH1036,Mini Truck,7,322607,2056,9.98,10,92,178,94.5,42,1
VH1037,Van,5,157068,519,11.48,5,99,82,93.9,64,0
VH1038,Mini Truck,1,21643,324,7.51,1,97,181,81.9,89,0
VH1039,Truck,9,222001,1481,2.67,11,38,260,95.3,39,1
VH1040,Bus,2,98345,412,3.16,4,35,103,93.6,77,0
VH1041,Bus,11,526012,3195,3.05,16,63,229,99.5,30,1
VH1042,Mini Truck,4,114814,1130,5.65,6,68,488,94.5,68,0
VH1043,Mini Truck,2,40610,629,8.11,1,42,95,90.6,81,0
VH1044,Van,9,319041,1262,13.6,12,38,270,94.8,34,1
VH1045,Mini Truck,5,141352,1297,9.17,5,68,561,90.9,60,0
VH1046,Truck,11,510771,2106,4.83,15,43,157,103.7,30,1
VH1047,Mini Truck,2,98308,269,8.71,3,49,298,93.5,96,0
VH1048,Mini Truck,10,310430,2204,6.02,12,63,537,99.2,30,1
VH1049,Bus,5,113316,589,3.27,6,65,65,97.7,58,1
VH1050,Truck,6,154293,1784,4.95,7,50,472,95.4,52,0
VH1051,Bus,9,185069,1178,2.15,10,49,578,99.4,39,1
VH1052,Truck,6,272701,1611,2.87,8,46,62,89.1,59,1
VH1053,Mini Truck,6,130458,1212,6.05,7,61,125,96.9,51,0
VH1054,Mini Truck,9,393058,1353,9.63,13,60,186,95.2,33,1
VH1055,Van,7,146497,927,12.42,8,72,441,98.8,58,0
VH1056,Van,5,141732,621,10.3,4,34,501,89.4,71,0
VH1057,Van,4,187031,1262,10.1,5,59,248,95.8,72,0
VH1058,Truck,11,321255,2512,3.32,16,38,305,101.9,30,1
VH1059,Mini Truck,11,487075,2517,8.4,15,98,359,97.6,30,1
VH1060,Truck,2,97477,427,2.95,3,63,59,87.5,83,0
VH1061,Truck,10,427836,2215,4.32,14,70,466,98.2,30,1
VH1062,Truck,7,291149,949,3.14,10,85,21,94.1,40,1
VH1063,Van,6,233062,623,13.69,7,72,341,96.8,56,1
VH1064,Truck,12,397455,3037,3.27,14,82,354,103.6,30,1
VH1065,Bus,12,395008,3230,2.25,14,83,408,104.4,30,1
VH1066,Van,10,498375,2032,10.44,16,30,331,104.2,30,1
VH1067,Mini Truck,4,136346,979,7.32,4,86,238,93.1,74,0
VH1068,Bus,12,328967,3658,2.17,14,95,363,118.4,30,1
VH1069,Truck,4,168184,955,3.06,6,55,170,94.8,71,0
VH1070,Truck,1,28023,323,4.03,0,39,486,89.5,91,0
VH1071,Bus,11,521817,1676,3.44,16,79,526,99.6,30,1
VH1072,Bus,4,99342,331,3.79,6,43,455,83.5,71,0
VH1073,Van,3,127889,715,8.3,2,61,144,87.6,86,0
VH1074,Bus,3,120901,923,3.06,4,70,473,85.2,73,0
VH1075,Bus,9,413787,1371,3.49,13,90,480,95.6,30,1
VH1076,Mini Truck,4,190082,887,8.83,5,96,516,88.4,80,0
VH1077,Van,5,215309,558,12.28,7,60,298,84.4,61,0
VH1078,Mini Truck,6,261597,645,5.69,7,59,412,97.4,52,1
VH1079,Van,12,352172,1223,10.49,14,72,575,105.0,30,1
VH1080,Bus,7,156322,983,3.67,6,79,40,94.2,50,0
VH1081,Bus,8,161545,2080,2.6,8,79,449,104.1,46,1
VH1082,Van,8,217520,1757,10.62,8,33,418,100.7,54,1
VH1083,Mini Truck,11,431978,3846,5.83,16,89,150,95.4,30,1
VH1084,Truck,7,295161,1715,4.16,11,40,458,92.7,45,1
VH1085,Van,8,207639,845,9.56,10,71,236,93.3,39,1
VH1086,Bus,6,208473,2038,3.76,6,65,451,93.6,48,0
VH1087,Mini Truck,2,70822,179,8.75,1,36,378,94.2,94,0
VH1088,Van,11,255975,3549,8.24,12,33,273,99.6,30,1
VH1089,Van,1,40359,158,9.43,3,90,137,88.1,93,0
VH1090,Van,8,343360,1689,12.6,11,51,137,97.2,41,1
VH1091,Van,5,128337,1585,8.15,5,69,404,84.9,71,0
VH1092,Bus,12,343981,1271,3.18,13,61,124,111.4,30,1
VH1093,Mini Truck,11,534788,1375,8.98,16,35,375,103.3,30,1
VH1094,Bus,11,414285,1162,3.01,14,73,32,102.3,30,1
VH1095,Bus,8,187666,2415,3.92,8,88,176,94.5,42,1
VH1096,Bus,3,128386,906,2.54,5,98,515,90.7,79,0
VH1097,Bus,7,331634,1773,2.54,10,61,108,92.2,42,1
VH1098,Mini Truck,8,223927,2543,7.85,10,78,364,99.4,39,1
VH1099,Truck,8,383072,1971,2.95,11,57,383,102.1,35,1
VH1100,Mini Truck,6,193310,1700,8.51,8,65,589,93.2,52,1
VH1101,Truck,9,280168,1070,3.1,12,82,520,96.9,32,1
VH1102,Van,12,489609,3605,12.27,16,87,37,106.7,30,1
VH1103,Truck,5,158090,1228,4.23,7,69,397,91.5,65,0
VH1104,Bus,9,360227,2462,3.99,12,100,358,96.0,40,1
VH1105,Mini Truck,12,477893,2069,6.53,17,59,143,95.8,30,1
VH1106,Van,6,151340,2001,11.22,8,53,216,89.2,57,1
VH1107,Van,12,493859,2092,12.35,17,97,309,103.0,30,1
VH1108,Truck,4,118829,785,3.4,4,68,34,88.3,76,0
VH1109,Van,5,111931,511,11.32,5,46,522,89.2,63,0
VH1110,Truck,1,38810,225,3.67,1,86,368,84.2,88,0
VH1111,Van,1,28273,324,8.68,1,38,430,87.5,90,0
VH1112,Bus,2,77815,214,2.3,2,68,107,88.9,78,0
VH1113,Van,2,76573,586,11.64,1,58,555,85.1,86,0
VH1114,Bus,8,398158,2453,2.59,12,84,332,102.9,40,1
VH1115,Truck,10,252026,1651,4.06,11,63,103,99.9,30,1
VH1116,Van,4,102782,473,8.94,4,82,481,89.8,73,0
VH1117,Bus,5,108556,874,2.58,4,66,484,94.6,74,0
VH1118,Truck,11,342381,1963,4.47,13,55,455,103.1,30,1
VH1119,Truck,9,297864,1330,4.77,11,48,93,99.4,33,1
VH1120,Truck,3,100319,849,4.37,3,66,469,86.4,79,0
VH1121,Truck,8,340532,1885,4.25,11,64,532,102.8,42,1
VH1122,Bus,8,181087,803,3.78,11,71,276,93.9,42,0
VH1123,Truck,2,55002,181,5.0,2,64,61,87.6,90,0
VH1124,Van,8,296043,2451,13.5,9,53,466,100.1,41,1
VH1125,Bus,2,70802,516,2.82,1,71,127,92.1,78,0
VH1126,Van,6,227910,1900,10.97,6,81,583,95.4,60,0
VH1127,Truck,8,183084,1928,3.13,9,44,433,100.0,49,1
VH1128,Truck,11,504475,2772,3.53,16,54,550,101.0,30,1
VH1129,Mini Truck,10,461353,3361,7.21,14,36,228,101.2,30,1
VH1130,Mini Truck,9,248688,1899,7.19,11,92,144,98.2,34,1
VH1131,Truck,11,539224,1860,4.27,16,69,584,91.7,30,1
VH1132,Truck,9,393904,1101,3.06,12,44,492,98.3,32,1
VH1133,Truck,11,300725,2921,4.83,13,67,541,107.6,30,1
VH1134,Mini Truck,7,266484,1527,6.22,9,100,168,89.1,40,1
VH1135,Bus,4,158561,1360,3.49,6,47,91,95.2,75,0
VH1136,Mini Truck,7,229096,2173,7.54,8,30,309,94.3,50,1
VH1137,Mini Truck,10,456712,1408,7.23,16,91,373,104.7,30,1
VH1138,Mini Truck,9,377766,2585,9.66,14,54,264,105.5,30,1
VH1139,Bus,4,192199,1161,2.09,6,90,410,93.6,74,0
VH1140,Bus,11,299746,2908,3.93,12,46,534,104.2,30,1
VH1141,Mini Truck,2,97290,610,5.5,1,88,35,83.3,77,0
VH1142,Van,7,311646,876,8.45,9,63,366,98.4,54,1
VH1143,Bus,11,262108,2225,3.7,12,98,409,108.0,30,1
VH1144,Mini Truck,11,475825,3096,5.18,13,38,260,101.3,30,1
VH1145,Mini Truck,4,177880,505,7.17,5,42,122,82.7,69,0
VH1146,Bus,3,99251,269,2.09,2,37,320,92.2,82,0
VH1147,Mini Truck,6,232901,778,6.22,7,82,599,91.9,50,1
VH1148,Van,3,82946,320,11.66,5,78,266,88.2,72,0
VH1149,Bus,10,275034,1751,2.92,11,62,490,96.7,30,1
VH1150,Mini Truck,11,224926,2785,9.51,10,99,181,100.7,30,1
VH1151,Truck,8,250587,1865,4.1,7,84,276,96.6,46,1
VH1152,Bus,5,152223,1187,3.71,6,43,262,97.3,67,0
VH1153,Bus,10,388197,3154,2.59,12,67,42,97.1,30,1
VH1154,Bus,5,102122,1559,3.73,4,36,528,87.6,78,0
VH1155,Mini Truck,4,159569,1041,6.1,5,54,276,88.5,59,0
VH1156,Van,11,270941,3450,11.88,13,69,471,97.5,30,1
VH1157,Truck,10,391292,1338,2.73,14,67,354,96.1,30,1
VH1158,Bus,3,86318,375,3.57,5,76,563,79.7,70,0
VH1159,Mini Truck,3,93681,733,9.84,2,67,366,88.8,80,0
VH1160,Truck,8,179739,1216,4.39,7,58,426,94.4,42,1
VH1161,Mini Truck,2,91818,564,5.07,2,98,146,94.7,90,0
VH1162,Bus,6,296377,2013,3.34,9,78,400,99.9,52,1
VH1163,Truck,11,342590,2811,2.56,12,71,246,107.6,30,1
VH1164,Truck,11,463409,3751,3.26,14,82,139,100.7,30,1
VH1165,Van,1,21219,235,13.98,0,44,119,90.2,100,0
VH1166,Van,9,251127,2311,10.72,9,99,449,100.8,33,1
VH1167,Van,7,311683,762,13.0,9,82,306,93.1,42,1
VH1168,Truck,12,434264,1849,3.61,15,60,391,99.7,30,1
VH1169,Truck,11,412589,3110,4.75,14,75,82,100.5,30,1
VH1170,Bus,5,149757,650,3.9,5,88,113,95.5,67,0
VH1171,Van,11,533076,967,8.3,15,72,269,101.9,30,1
VH1172,Van,10,307586,1081,12.98,10,100,232,102.2,30,1
VH1173,Van,4,123064,622,12.73,5,30,303,87.9,60,0
VH1174,Van,3,130807,496,12.79,2,44,46,89.7,82,0
VH1175,Van,1,31738,201,11.53,0,32,198,89.1,86,0
VH1176,Mini Truck,1,24153,295,7.63,1,38,507,81.7,89,0
VH1177,Bus,6,254542,1695,2.22,8,94,246,90.6,52,1
VH1178,Truck,12,585454,3095,3.25,18,33,82,100.7,30,1
VH1179,Bus,7,251745,1965,2.22,8,86,95,97.6,56,1
VH1180,Truck,6,279461,783,2.66,6,65,581,90.8,60,1
VH1181,Mini Truck,7,296602,1646,6.47,9,94,460,96.2,47,1
VH1182,Truck,12,299985,3641,4.13,14,100,240,109.3,30,1
VH1183,Bus,8,392807,1575,2.83,12,88,428,94.6,38,1
VH1184,Bus,12,289852,2240,2.85,13,62,403,101.7,30,1
VH1185,Van,11,468652,1154,8.55,16,40,115,92.7,30,1
VH1186,Bus,2,88797,541,3.62,2,37,595,91.8,84,0
VH1187,Mini Truck,11,284084,2562,6.77,14,84,72,98.8,30,1
VH1188,Mini Truck,10,363813,2240,5.52,14,94,237,96.6,30,1
VH1189,Van,11,472806,1798,13.08,15,74,589,100.5,30,1
VH1190,Mini Truck,2,89978,445,7.87,3,84,594,88.4,79,0
VH1191,Truck,10,340219,918,2.95,13,69,367,100.7,30,1
VH1192,Mini Truck,1,25944,153,7.83,0,81,91,84.9,97,0
VH1193,Van,12,571964,1085,8.55,19,97,240,106.9,30,1
VH1194,Bus,7,258920,1258,2.31,8,69,352,97.1,43,1
VH1195,Truck,1,25098,160,4.39,0,36,103,92.5,97,0
VH1196,Mini Truck,8,333523,2376,7.43,10,86,444,100.3,46,1
VH1197,Mini Truck,4,178951,1369,5.57,5,85,133,89.3,67,0
VH1198,Mini Truck,11,530973,2873,7.63,17,69,66,105.4,30,1
VH1199,Van,7,297109,672,8.05,10,68,236,89.0,46,1
VH1200,Van,5,175876,1071,8.72,5,93,460,90.4,65,0
VH1201,Van,3,109834,785,12.22,4,94,592,85.9,65,0
VH1202,Mini Truck,2,66022,203,7.18,2,88,99,98.6,84,0
VH1203,Mini Truck,10,425068,3148,7.02,14,83,316,107.1,30,1
VH1204,Truck,7,145467,1225,2.93,7,88,390,97.3,52,1
VH1205,Truck,7,167751,1058,3.59,6,81,556,101.9,50,1
VH1206,Truck,7,221336,2087,3.35,8,72,192,98.6,61,0
VH1207,Truck,9,239782,2893,3.77,11,74,379,97.9,30,1
VH1208,Van,4,93474,619,9.54,3,52,176,84.4,78,0
VH1209,Truck,3,142306,745,3.66,4,87,598,84.3,70,0
VH1210,Mini Truck,11,385747,1498,7.2,13,90,472,108.2,30,1
VH1211,Mini Truck,5,114725,1120,7.54,4,69,492,91.5,65,0
VH1212,Bus,1,21864,268,3.66,0,39,112,86.3,93,0
VH1213,Bus,8,312129,808,2.9,11,54,349,104.4,43,1
VH1214,Bus,9,259094,973,2.9,10,73,106,94.1,47,1
VH1215,Van,1,28118,304,13.95,1,97,555,86.6,92,0
VH1216,Van,6,217740,1059,10.32,8,73,73,93.4,51,0
VH1217,Mini Truck,2,61606,256,7.79,1,79,310,98.3,82,0
VH1218,Mini Truck,12,584228,3428,9.37,19,72,103,92.4,30,1
VH1219,Van,6,201325,1823,12.19,6,80,152,89.3,59,0
VH1220,Truck,5,246518,1171,4.11,7,72,150,91.5,60,0
VH1221,Truck,11,441986,2962,3.4,15,76,336,104.8,30,1
VH1222,Van,4,124791,1315,9.15,4,47,178,90.7,74,0
VH1223,Truck,5,126513,1439,4.43,5,97,58,92.1,65,0
VH1224,Mini Truck,10,268707,3246,6.88,11,50,205,97.1,30,1
VH1225,Van,12,469466,1138,10.47,16,60,474,105.0,30,1
VH1226,Mini Truck,12,475367,1918,7.67,16,69,500,102.1,30,1
VH1227,Van,6,297814,1648,13.91,8,89,308,94.9,55,1
VH1228,Bus,9,399498,1383,3.63,14,47,276,94.5,30,1
VH1229,Truck,11,471967,2400,3.89,14,43,548,94.8,30,1
VH1230,Truck,5,121987,728,3.18,4,95,170,89.2,73,0
VH1231,Bus,2,99670,387,3.63,1,74,47,91.0,80,0
VH1232,Bus,1,32991,337,2.75,2,79,103,77.8,82,0
VH1233,Mini Truck,4,83694,972,9.65,3,72,169,94.9,73,0
VH1234,Van,1,29400,321,12.18,0,47,500,91.9,100,0
VH1235,Bus,10,202753,1124,2.04,11,57,173,97.5,30,1
VH1236,Bus,2,90867,455,2.48,1,45,68,88.4,79,0
VH1237,Van,7,307497,2185,11.74,10,38,133,103.5,48,1
VH1238,Bus,10,481046,867,3.26,14,60,167,102.1,30,1
VH1239,Mini Truck,7,140410,1819,6.76,9,83,211,91.5,49,1
VH1240,Truck,9,369060,997,4.88,10,99,539,93.4,31,1
VH1241,Truck,7,263243,649,4.09,9,77,279,97.6,43,1
VH1242,Truck,6,137710,1186,3.1,6,43,360,91.0,54,0
VH1243,Van,1,31544,253,12.88,0,52,495,82.8,88,0
VH1244,Bus,11,315566,1432,2.13,12,88,57,105.7,30,1
VH1245,Mini Truck,4,85741,728,9.43,7,70,337,93.0,66,0
VH1246,Bus,9,428197,1757,2.07,12,54,312,101.3,30,1
VH1247,Mini Truck,1,48370,249,6.37,1,77,467,96.7,92,0
VH1248,Bus,12,470548,2543,2.68,17,53,528,100.2,30,1
VH1249,Bus,6,256125,1026,3.6,10,84,100,91.5,59,1
VH1250,Bus,10,294611,3034,2.59,12,43,101,97.8,30,1
VH1251,Mini Truck,11,375000,2135,7.23,15,84,190,104.0,30,1
VH1252,Bus,6,237212,566,3.45,7,75,465,93.0,55,0
VH1253,Mini Truck,11,250072,1187,8.36,12,81,392,105.8,30,1
VH1254,Van,1,24678,304,8.21,1,38,261,89.0,99,0
VH1255,Mini Truck,6,220362,1641,5.16,9,49,480,92.2,55,0
VH1256,Mini Truck,6,236376,2042,5.38,8,47,562,94.8,55,1
VH1257,Mini Truck,7,222414,1890,6.39,7,44,46,97.3,49,1
VH1258,Van,8,295723,2225,13.48,10,45,288,99.7,40,1
VH1259,Mini Truck,12,473975,1838,9.98,16,66,522,106.8,30,1
VH1260,Van,2,48895,235,10.71,2,86,109,86.2,83,0
VH1261,Mini Truck,11,402150,3786,5.32,14,99,317,102.4,30,1
VH1262,Mini Truck,3,143584,418,8.97,5,95,249,85.9,74,0
VH1263,Truck,4,183817,604,3.09,5,93,46,96.8,70,0
VH1264,Mini Truck,9,373415,2634,9.02,13,100,152,99.6,30,1
VH1265,Truck,2,60269,567,5.0,3,91,558,90.9,84,0
VH1266,Bus,7,290706,711,2.25,10,70,95,92.8,42,1
VH1267,Bus,8,338286,2759,2.69,8,100,206,100.7,45,1
VH1268,Van,7,271822,2425,13.21,7,45,550,88.5,46,1
VH1269,Van,5,143163,731,9.94,6,58,374,91.3,58,0
VH1270,Mini Truck,2,56423,361,8.18,1,100,301,83.8,78,0
VH1271,Van,11,378767,3396,11.2,13,94,192,97.2,30,1
VH1272,Van,3,146341,879,12.32,4,73,597,86.2,88,0
VH1273,Truck,1,22661,103,4.87,0,63,235,91.2,100,0
VH1274,Bus,10,215878,2839,3.78,9,99,316,100.3,30,1
VH1275,Mini Truck,8,224193,2303,6.49,9,39,81,99.2,38,1
VH1276,Van,8,268952,2623,10.79,9,73,167,96.3,40,1
VH1277,Mini Truck,12,407413,3967,9.94,14,74,428,106.2,30,1
VH1278,Van,6,254998,1630,8.64,8,60,497,92.5,50,1
VH1279,Truck,5,217858,907,2.85,6,36,317,101.9,67,0
VH1280,Bus,10,419223,1816,3.93,13,50,355,100.7,30,1
VH1281,Mini Truck,4,180023,646,7.49,6,95,498,93.2,73,0
VH1282,Bus,5,230382,447,2.18,6,80,537,92.9,54,0
VH1283,Bus,4,108199,1042,2.1,3,66,526,94.5,69,0
VH1284,Bus,5,240690,416,3.69,6,85,157,92.5,66,0
VH1285,Mini Truck,12,431772,4088,7.02,14,35,430,89.1,30,1
VH1286,Truck,10,494553,1597,3.41,16,66,95,101.4,30,1
VH1287,Bus,9,416115,2972,2.56,12,45,151,91.9,33,1
VH1288,Truck,7,237831,2187,4.97,9,76,167,96.7,51,1
VH1289,Van,10,466926,2444,11.0,15,35,59,103.3,30,1
VH1290,Van,12,414609,2900,11.12,16,49,547,107.7,30,1
VH1291,Van,6,280712,1132,8.98,9,68,364,93.3,52,1
VH1292,Bus,12,535134,2187,2.95,18,32,397,99.7,30,1
VH1293,Mini Truck,11,277464,2586,7.92,12,33,505,101.6,30,1
VH1294,Mini Truck,11,523287,3245,6.14,16,36,511,101.7,30,1
VH1295,Van,9,379329,1325,12.93,13,61,52,101.1,39,1
VH1296,Truck,4,82482,1223,3.28,4,49,442,91.9,73,0
VH1297,Van,7,271548,2147,11.67,11,90,83,95.1,44,1
VH1298,Van,9,288706,3017,9.95,11,91,558,99.2,30,1
VH1299,Bus,6,165398,1421,3.82,7,73,579,98.3,50,0
VH1300,Mini Truck,11,358601,3378,7.42,12,61,305,105.4,30,1
VH1301,Mini Truck,4,119008,911,8.52,5,92,344,92.5,67,0
VH1302,Bus,6,266928,1957,2.55,8,45,576,85.9,57,1
VH1303,Bus,7,230474,2143,3.61,9,67,63,88.7,44,1
VH1304,Mini Truck,12,281434,2378,9.62,12,62,510,94.2,30,1
VH1305,Van,4,188521,875,13.6,5,64,160,86.9,73,0
VH1306,Truck,10,325452,1793,2.63,12,97,251,97.7,30,1
VH1307,Van,1,23283,291,9.98,2,90,122,89.1,90,0
VH1308,Van,1,38033,160,10.44,3,90,508,82.2,81,0
VH1309,Van,5,184192,984,11.88,5,41,257,92.3,66,0
VH1310,Truck,3,114773,420,4.83,3,34,426,90.9,72,0
VH1311,Bus,3,97941,278,2.02,5,43,363,89.2,80,0
VH1312,Mini Truck,8,328116,2787,7.47,11,47,536,98.8,40,1
VH1313,Bus,5,150544,630,2.66,6,88,283,95.1,69,0
VH1314,Van,1,44137,252,12.74,1,54,199,89.3,92,0
VH1315,Bus,7,275077,1231,2.17,10,42,209,92.8,54,1
VH1316,Van,8,244830,1656,8.04,9,79,261,91.3,42,0
VH1317,Bus,5,186409,1018,3.16,5,31,287,90.0,69,0
VH1318,Mini Truck,12,363890,1214,8.34,14,89,334,102.9,30,1
VH1319,Van,7,319850,1589,13.54,9,69,140,105.4,44,1
VH1320,Mini Truck,6,281120,932,6.1,9,47,509,89.6,53,1
VH1321,Van,8,356014,2170,10.5,11,100,502,96.9,35,1
VH1322,Van,4,169173,487,11.15,5,97,390,89.4,82,0
VH1323,Truck,10,258829,1052,4.57,11,94,227,102.1,36,1
VH1324,Van,3,103007,772,10.65,2,56,520,89.7,79,0
VH1325,Truck,9,413561,947,3.63,13,95,445,97.8,30,1
VH1326,Bus,10,230270,3088,2.92,11,69,42,95.7,32,1
VH1327,Bus,5,100790,846,3.16,6,35,453,90.5,60,0
VH1328,Mini Truck,12,273428,3176,9.97,13,38,503,99.8,30,1
VH1329,Truck,5,207182,768,4.42,7,83,403,94.1,64,0
VH1330,Bus,8,387965,2186,2.75,11,99,156,101.4,38,1
VH1331,Mini Truck,2,51696,562,7.64,3,58,23,87.2,90,0
VH1332,Truck,5,221373,1515,3.56,7,78,255,101.2,59,0
VH1333,Van,8,250743,1275,9.65,10,44,52,94.4,37,1
VH1334,Bus,10,208202,1785,2.41,10,42,54,101.7,32,1
VH1335,Bus,10,225520,1802,3.48,10,81,469,99.9,40,1
VH1336,Van,9,293911,951,8.84,13,67,259,100.2,30,1
VH1337,Mini Truck,10,368120,1770,6.51,13,48,553,102.5,30,1
VH1338,Van,7,218774,1123,8.37,8,52,457,88.8,50,0
VH1339,Bus,1,31285,275,3.57,1,70,446,79.0,88,0
VH1340,Bus,3,99306,625,2.37,2,98,504,97.5,80,1
VH1341,Van,4,119418,615,12.83,6,37,595,90.3,72,0
VH1342,Bus,7,286089,1645,2.27,10,61,281,89.2,52,1
VH1343,Van,6,289530,641,13.53,10,77,114,91.5,51,1
VH1344,Van,1,28796,273,12.04,1,35,94,87.5,90,0
VH1345,Van,10,492998,1688,10.88,14,72,330,99.9,30,1
VH1346,Truck,4,104906,560,4.37,5,91,268,89.5,73,0
VH1347,Van,7,202739,1690,9.93,5,66,409,100.1,46,0
VH1348,Bus,9,368355,1983,2.52,12,95,529,98.2,35,1
VH1349,Bus,2,92613,640,3.52,1,70,228,92.4,84,0
VH1350,Mini Truck,6,228509,573,7.81,6,58,169,92.9,47,0
VH1351,Truck,5,245047,1596,3.95,7,83,322,91.5,67,0
VH1352,Van,4,123236,791,10.28,5,61,531,85.4,65,0
VH1353,Mini Truck,5,228089,1714,8.7,7,88,192,95.9,67,0
VH1354,Mini Truck,3,78344,977,7.73,3,53,575,91.2,84,0
VH1355,Truck,9,197733,1024,4.86,10,36,26,97.5,34,1
VH1356,Bus,3,142667,476,2.14,4,49,29,89.4,80,0
VH1357,Van,9,419080,2248,8.36,13,91,519,101.4,30,1
VH1358,Truck,1,37439,290,2.53,1,97,301,78.5,97,0
VH1359,Mini Truck,1,36456,300,9.03,1,52,129,90.5,78,0
VH1360,Truck,9,258065,1707,2.98,12,97,278,97.9,36,1
VH1361,Mini Truck,5,204044,561,6.87,5,81,490,95.0,59,0
VH1362,Van,12,358414,2188,12.1,14,40,52,110.7,30,1
VH1363,Truck,7,239421,1332,3.88,9,37,29,99.0,49,1
VH1364,Van,2,72758,604,11.87,2,72,599,96.0,90,0
VH1365,Truck,9,202309,1661,3.03,10,90,297,96.7,35,1
VH1366,Truck,2,84854,447,4.75,3,34,203,89.8,78,0
VH1367,Mini Truck,1,26788,153,8.76,1,80,98,82.1,100,0
VH1368,Mini Truck,3,133919,486,7.83,3,79,573,90.7,84,0
VH1369,Mini Truck,7,338078,2074,5.7,10,40,532,96.9,52,1
VH1370,Mini Truck,1,23200,303,6.16,1,39,368,87.9,84,0
VH1371,Bus,6,127766,1778,2.55,5,87,522,98.2,62,0
VH1372,Van,6,264975,1248,10.59,9,78,107,96.5,58,1
VH1373,Mini Truck,4,173468,470,5.41,5,49,409,91.5,64,0
VH1374,Van,12,444274,2257,10.16,14,41,25,96.4,30,1
VH1375,Mini Truck,8,254350,1744,5.51,11,41,211,90.8,36,1
VH1376,Bus,8,306010,2738,2.82,9,33,111,94.6,42,1
VH1377,Mini Truck,9,228792,2048,9.32,9,31,318,102.9,44,1
VH1378,Bus,7,344254,733,3.45,8,61,553,92.8,49,1
VH1379,Van,11,419613,1574,8.83,15,68,294,99.7,30,1
VH1380,Bus,3,68292,411,2.87,2,83,326,83.4,88,0
VH1381,Bus,2,63666,417,3.89,0,93,220,97.3,93,1
VH1382,Bus,2,48879,471,2.01,2,80,360,91.4,89,0
VH1383,Bus,6,235401,1165,2.86,8,47,327,94.4,53,0
VH1384,Mini Truck,10,305304,2762,6.57,12,80,346,102.2,30,1
VH1385,Mini Truck,12,571823,2971,9.84,16,61,353,99.5,30,1
VH1386,Bus,5,203005,1147,2.23,7,55,578,90.0,51,0
VH1387,Van,11,508410,990,13.72,16,89,234,97.5,30,1
VH1388,Bus,5,118129,1237,3.35,4,47,330,91.6,69,0
VH1389,Van,5,140407,1266,12.73,5,39,479,92.9,58,0
VH1390,Bus,10,410137,2988,3.01,13,83,576,101.3,30,1
VH1391,Truck,6,260746,1696,4.1,8,40,131,93.9,56,1
VH1392,Van,11,406126,1561,11.88,14,35,596,107.0,30,1
VH1393,Bus,6,232841,696,2.02,7,63,247,94.5,58,1
VH1394,Van,8,258073,2242,10.78,9,94,174,98.6,44,1
VH1395,Mini Truck,1,35819,133,6.48,0,40,138,91.1,93,0
VH1396,Van,6,201760,1182,10.73,7,56,553,97.0,59,0
VH1397,Bus,6,244823,679,2.88,7,87,346,92.8,62,0
VH1398,Truck,5,111713,635,2.56,4,73,131,93.6,62,0
VH1399,Van,12,367880,3073,9.05,17,50,358,98.2,30,1
VH1400,Bus,8,220779,2299,3.26,10,53,462,98.7,39,1
VH1401,Bus,1,44162,181,2.9,1,84,418,86.7,92,0
VH1402,Truck,12,352615,1802,3.2,15,38,124,111.8,30,1
VH1403,Van,6,205454,883,10.75,6,63,521,93.6,70,0
VH1404,Mini Truck,10,403758,3303,6.96,12,44,376,106.6,34,1
VH1405,Mini Truck,8,321837,1346,9.07,10,68,106,99.3,48,1
VH1406,Van,6,150896,968,9.83,6,53,402,93.2,55,0
VH1407,Van,9,383666,2433,11.58,11,79,453,95.9,30,1
VH1408,Van,8,326592,1349,11.33,11,92,315,93.9,39,1
VH1409,Van,3,101232,701,11.72,2,75,29,90.8,85,0
VH1410,Bus,3,85575,633,3.93,1,94,526,91.0,89,0
VH1411,Bus,11,477805,2582,3.42,14,86,520,108.2,30,1
VH1412,Van,2,77053,191,12.78,1,58,319,87.8,90,0
VH1413,Truck,5,158941,1501,3.22,6,88,599,94.7,58,0
VH1414,Bus,9,447809,1183,3.15,13,64,576,92.8,30,1
VH1415,Mini Truck,9,201815,2527,7.73,9,84,124,95.6,43,1
VH1416,Van,5,108449,1321,9.58,6,41,469,94.9,57,0
VH1417,Truck,4,107509,1038,4.65,4,84,189,95.9,72,0
VH1418,Van,4,186630,743,12.83,8,74,565,92.6,64,0
VH1419,Mini Truck,10,482469,1489,6.62,14,67,316,100.5,30,1
VH1420,Mini Truck,9,229925,1275,9.81,11,82,80,102.3,30,1
VH1421,Mini Truck,11,286525,3753,9.33,11,61,169,94.2,30,1
VH1422,Mini Truck,4,179807,1124,7.45,4,64,444,82.4,73,0
VH1423,Bus,8,179796,1021,2.81,11,65,397,97.0,42,1
VH1424,Bus,8,245796,650,3.74,9,41,489,96.6,46,1
VH1425,Mini Truck,2,92145,567,6.09,2,84,236,89.1,87,0
VH1426,Bus,5,184637,980,2.68,5,46,599,96.5,64,0
VH1427,Bus,6,298926,2041,2.1,8,42,490,96.1,49,1
VH1428,Truck,2,96207,321,3.6,3,30,458,88.0,89,0
VH1429,Van,12,309160,3622,9.81,14,65,115,102.9,30,1
VH1430,Mini Truck,5,121606,1161,8.32,7,51,73,94.7,61,0
VH1431,Bus,11,380174,3744,3.51,12,84,113,97.2,30,1
VH1432,Truck,1,26993,324,2.69,0,58,551,85.8,95,0
VH1433,Bus,1,20264,255,3.63,1,84,155,86.2,95,0
VH1434,Bus,2,55004,552,2.18,2,43,125,80.1,81,0
VH1435,Mini Truck,6,198447,760,6.91,7,47,166,89.2,58,0
VH1436,Truck,9,184443,1392,3.6,8,57,175,100.2,35,1
VH1437,Bus,10,431936,1689,2.17,14,42,163,97.7,30,1
VH1438,Truck,10,401343,2239,4.91,13,70,163,97.2,30,1
VH1439,Van,5,122085,908,11.32,5,66,47,92.6,61,0
VH1440,Mini Truck,4,147862,1363,5.94,3,80,322,94.6,76,0
VH1441,Truck,4,144865,1110,2.78,7,93,92,86.8,64,1
VH1442,Truck,6,202961,750,3.47,6,83,394,93.1,52,0
VH1443,Van,8,361947,938,8.1,9,38,34,99.2,45,1
VH1444,Mini Truck,4,85220,443,9.74,3,80,538,80.6,71,0
VH1445,Mini Truck,11,482693,2581,7.12,16,81,104,95.6,30,1
VH1446,Van,5,121914,1034,8.47,5,56,179,94.8,65,0
VH1447,Mini Truck,7,293730,1859,8.82,8,38,337,100.3,48,1
VH1448,Bus,12,365114,1197,2.49,14,85,138,99.3,30,1
VH1449,Bus,10,228850,2066,3.33,10,52,142,99.3,38,1
VH1450,Truck,12,311938,3833,2.53,12,93,375,96.5,30,1
VH1451,Mini Truck,3,108741,369,8.75,3,64,140,86.8,84,0
VH1452,Truck,6,232544,1037,3.81,7,63,98,101.3,59,0
VH1453,Bus,8,293898,2115,2.11,10,51,396,96.6,44,1
VH1454,Van,5,126975,1575,12.04,7,44,253,97.4,62,0
VH1455,Truck,1,48137,86,3.11,2,90,392,86.6,87,0
VH1456,Bus,3,83456,276,3.11,4,83,249,86.8,87,0
VH1457,Mini Truck,4,134559,975,6.36,5,39,401,89.5,70,0
VH1458,Truck,9,207615,1454,3.06,8,96,67,94.6,45,1
VH1459,Bus,2,97474,636,3.73,2,69,355,83.8,88,0
VH1460,Truck,9,419466,752,3.42,14,67,597,101.4,31,1
VH1461,Mini Truck,12,566483,1953,7.32,16,93,220,97.3,30,1
VH1462,Van,3,60835,659,8.14,2,99,374,88.5,87,0
VH1463,Truck,6,120383,2034,4.14,7,69,126,95.8,66,0
VH1464,Van,9,304868,2439,10.95,13,37,165,105.7,32,1
VH1465,Mini Truck,2,42877,397,9.49,2,96,442,84.6,87,0
VH1466,Mini Truck,8,356057,987,7.9,12,94,156,96.2,33,1
VH1467,Bus,2,78790,223,2.87,1,46,262,81.0,78,0
VH1468,Mini Truck,5,182577,1204,8.5,7,71,345,93.1,58,0
VH1469,Bus,5,161239,552,3.89,5,47,131,93.7,69,0
VH1470,Van,2,50772,620,10.8,3,82,143,85.7,83,0
VH1471,Mini Truck,4,139233,951,7.32,5,45,112,90.0,78,0
VH1472,Van,11,379496,3766,12.18,14,35,240,104.4,30,1
VH1473,Mini Truck,3,71955,968,6.24,4,75,425,90.2,70,0
VH1474,Truck,11,376678,1945,4.55,14,52,51,98.9,30,1
VH1475,Bus,8,305739,1663,2.19,11,43,163,102.0,38,1
VH1476,Truck,1,22020,193,2.83,1,81,401,93.3,94,0
VH1477,Truck,10,335696,1107,2.55,15,38,222,102.3,30,1
VH1478,Bus,3,72055,579,2.25,4,89,71,91.0,83,0
VH1479,Van,10,427098,2417,10.98,14,78,456,99.4,30,1
VH1480,Van,6,176286,863,9.65,7,87,172,90.6,53,0
VH1481,Truck,10,328862,3451,3.24,13,82,583,102.9,31,1
VH1482,Bus,1,22874,223,2.77,0,83,224,82.1,96,0
VH1483,Van,11,505032,959,13.94,17,75,511,95.7,30,1
VH1484,Bus,6,268282,1508,2.64,8,64,204,90.7,49,1
VH1485,Truck,6,276530,928,2.57,6,65,79,96.4,59,1
VH1486,Bus,9,367397,3112,4.0,10,50,122,104.3,43,1
VH1487,Van,11,346433,1971,11.2,12,37,244,106.2,30,1
VH1488,Bus,6,165537,840,2.47,7,70,387,90.7,67,0
VH1489,Truck,12,424382,3285,3.91,15,54,524,103.5,30,1
VH1490,Mini Truck,3,124282,278,5.45,6,59,244,97.0,81,0
VH1491,Truck,9,430603,722,3.33,14,55,153,96.0,31,1
VH1492,Mini Truck,12,333040,2285,5.3,14,48,165,108.2,30,1
VH1493,Truck,9,371307,1017,3.43,11,80,123,102.3,36,1
VH1494,Mini Truck,5,184568,679,9.88,3,85,518,95.7,66,0
VH1495,Mini Truck,3,133659,950,9.45,3,75,248,86.1,78,0
VH1496,Van,7,220431,2063,12.13,9,46,201,90.0,47,0
VH1497,Truck,12,540330,2563,4.63,17,34,206,107.9,30,1
VH1498,Mini Truck,10,315812,3419,7.83,12,93,164,96.2,30,1
VH1499,Mini Truck,12,280793,1934,6.73,14,70,191,110.5,30,1
VH1500,Truck,12,591285,3577,4.32,17,72,477,98.5,30,1
VH1501,Truck,5,154967,911,4.23,4,74,282,93.8,66,0
VH1502,Truck,12,240671,1157,3.46,12,83,190,96.6,30,1
VH1503,Bus,8,391150,2191,2.7,11,78,123,92.3,30,1
VH1504,Bus,10,318270,1466,2.9,12,34,321,107.1,34,1
VH1505,Truck,6,188453,694,2.69,7,51,404,91.6,58,0
VH1506,Van,12,279322,3200,13.65,13,41,366,100.7,30,1
VH1507,Bus,12,256249,2726,3.88,13,51,464,99.1,30,1
VH1508,Van,1,23318,249,9.23,1,54,439,85.6,88,0
VH1509,Mini Truck,11,367599,2098,6.19,13,36,422,100.3,30,1
VH1510,Bus,3,67144,609,2.01,2,41,321,89.4,81,0
VH1511,Bus,4,92712,372,2.41,3,67,103,83.9,68,0
VH1512,Bus,2,60208,567,2.94,2,63,113,88.3,89,0
VH1513,Bus,3,108630,630,2.74,4,87,65,89.1,73,0
VH1514,Mini Truck,8,281912,1718,6.13,11,64,597,93.3,32,1
VH1515,Truck,3,147486,339,2.71,5,74,574,84.2,87,0
VH1516,Bus,10,319282,3067,2.12,12,79,555,101.4,30,1
VH1517,Bus,9,428944,3065,3.76,13,90,326,96.8,30,1
VH1518,Truck,7,327250,631,3.76,10,96,170,93.7,50,1
VH1519,Truck,8,205319,1324,4.93,11,54,149,95.8,38,1
VH1520,Truck,7,160543,1959,3.59,8,48,284,102.7,48,1
VH1521,Mini Truck,12,275133,1316,6.94,12,80,585,104.7,30,1
VH1522,Mini Truck,5,236233,1338,9.59,5,31,555,88.5,68,0
VH1523,Bus,2,67160,313,2.3,4,42,128,88.1,78,0
VH1524,Truck,5,240413,1104,4.69,7,63,412,98.0,57,0
VH1525,Bus,10,448012,953,2.34,13,81,167,104.6,30,1
VH1526,Bus,1,32969,249,3.38,0,36,506,86.9,93,0
VH1527,Mini Truck,6,125303,1171,9.09,7,68,338,95.3,55,1
VH1528,Mini Truck,8,384981,1042,9.86,12,59,157,96.7,35,1
VH1529,Mini Truck,12,472317,4130,9.13,19,64,446,104.2,30,1
VH1530,Truck,4,137896,752,4.78,4,82,516,95.6,72,0
VH1531,Mini Truck,1,36884,161,5.33,0,94,433,90.2,91,0
VH1532,Van,9,195177,1431,9.16,11,55,79,102.8,30,1
VH1533,Van,1,34956,105,13.51,2,55,300,86.8,95,0
VH1534,Mini Truck,8,292415,2265,8.18,11,45,51,93.6,34,1
VH1535,Van,6,248132,1696,10.68,9,90,584,92.7,49,0
VH1536,Mini Truck,6,162864,1009,8.74,7,41,311,97.0,55,1
VH1537,Truck,7,153015,893,4.63,6,57,246,95.6,60,0
VH1538,Van,11,328386,1982,11.91,13,95,40,103.3,30,1
VH1539,Truck,8,398948,1181,4.12,12,31,249,96.3,40,1
VH1540,Mini Truck,10,360148,3432,6.38,14,78,377,110.4,30,1
VH1541,Bus,5,157202,1355,2.6,6,96,426,93.3,61,0
VH1542,Truck,1,36761,271,3.9,1,66,325,85.3,93,0
VH1543,Truck,8,176734,2017,4.97,10,71,303,93.0,45,1
VH1544,Mini Truck,11,376652,1651,5.75,14,60,78,106.7,30,1
VH1545,Bus,11,387554,3668,2.28,12,33,529,99.5,30,1
VH1546,Mini Truck,5,209724,1228,6.94,7,34,214,89.1,58,0
VH1547,Mini Truck,12,356582,3771,7.67,14,90,387,109.5,30,1
VH1548,Mini Truck,3,146194,811,5.91,5,42,502,95.6,79,0
VH1549,Van,12,375608,3930,12.85,14,53,363,104.6,30,1
VH1550,Truck,4,126567,777,4.36,4,69,450,92.3,66,0
VH1551,Mini Truck,6,188304,1679,6.47,8,45,501,92.1,55,0
VH1552,Truck,11,525961,3256,4.86,15,39,503,103.6,30,1
VH1553,Van,9,242818,2283,11.18,11,82,75,104.0,38,1
VH1554,Van,3,86253,590,10.46,1,88,166,90.0,88,0
VH1555,Mini Truck,12,334558,4150,5.4,13,72,201,105.9,30,1
VH1556,Mini Truck,11,250415,899,7.26,11,56,192,104.8,30,1
VH1557,Van,8,365838,1000,8.78,12,85,459,93.1,36,1
VH1558,Bus,7,265147,1345,2.01,7,98,224,86.4,51,1
VH1559,Mini Truck,1,49229,244,8.78,2,97,215,87.5,90,0
VH1560,Truck,11,222162,3446,4.33,11,58,372,97.7,30,1
VH1561,Mini Truck,3,73462,632,7.52,3,69,191,87.8,82,0
VH1562,Truck,1,29771,228,3.64,1,96,556,87.8,97,0
VH1563,Mini Truck,7,320035,834,6.71,9,92,387,98.1,45,1
VH1564,Van,3,112873,259,9.37,4,46,236,86.9,72,0
VH1565,Truck,10,464573,1492,2.81,14,34,404,92.5,30,1
VH1566,Mini Truck,9,205473,916,8.31,8,32,69,101.6,44,1
VH1567,Truck,7,256474,1338,2.81,8,62,505,97.2,53,1
VH1568,Van,4,171120,339,9.81,6,42,552,91.9,71,0
VH1569,Mini Truck,10,271913,2515,9.15,11,43,543,100.3,30,1
VH1570,Truck,5,129887,617,3.74,5,55,289,92.6,66,0
VH1571,Van,6,227415,1084,8.96,9,100,528,95.1,55,1
VH1572,Van,12,492006,2314,9.41,17,31,111,113.8,30,1
VH1573,Truck,10,459052,1410,4.87,13,95,96,105.9,30,1
VH1574,Truck,5,160597,1335,4.97,7,67,290,93.4,71,0
VH1575,Bus,1,23270,169,3.75,0,67,388,91.4,100,0
VH1576,Mini Truck,7,333603,797,5.47,9,35,29,98.6,42,1
VH1577,Van,11,309397,2226,10.15,13,86,294,100.5,30,1
VH1578,Truck,6,209842,854,2.78,8,81,487,94.6,61,0
VH1579,Mini Truck,7,320853,2302,7.39,10,83,190,104.7,45,1
VH1580,Truck,3,67686,403,2.76,3,91,468,88.8,76,0
VH1581,Van,10,399098,2268,11.67,11,46,514,99.1,30,1
VH1582,Bus,2,98169,581,2.88,3,38,287,83.0,79,0
VH1583,Mini Truck,1,43087,348,8.84,0,58,366,85.7,95,0
VH1584,Truck,7,313464,2048,3.12,11,74,414,93.2,45,1
VH1585,Van,9,208608,767,11.86,12,50,537,100.0,30,1
VH1586,Bus,8,387912,1317,2.15,11,92,348,96.2,33,1
VH1587,Van,6,192917,583,11.04,7,100,407,94.4,45,1
VH1588,Bus,4,90332,1260,2.89,6,87,110,90.8,64,0
VH1589,Bus,8,242853,1126,3.96,8,32,125,89.8,36,1
VH1590,Bus,7,149393,1701,3.1,8,41,331,101.6,53,1
VH1591,Van,11,459184,2276,10.18,14,36,248,99.6,30,1
VH1592,Bus,6,266840,2051,3.24,10,90,392,97.6,48,1
VH1593,Bus,2,46385,387,2.0,1,75,318,79.4,84,0
VH1594,Mini Truck,12,295743,1147,9.48,13,93,163,99.1,30,1
VH1595,Bus,2,56665,360,2.38,2,80,240,87.1,82,0
VH1596,Bus,4,173950,1012,2.22,5,83,67,92.8,64,0
VH1597,Truck,8,279901,2705,2.84,11,93,24,96.6,38,1
VH1598,Truck,9,406917,3116,3.71,13,95,201,99.4,33,1
VH1599,Van,12,307309,1384,10.32,14,71,536,100.6,30,1
VH1600,Bus,7,299644,2435,3.39,8,61,300,95.9,48,1
VH1601,Bus,6,197115,1407,3.61,7,47,442,93.5,46,0
VH1602,Mini Truck,12,527208,2245,8.56,15,100,242,105.9,30,1
VH1603,Van,4,161810,915,12.12,6,46,202,92.9,72,0
VH1604,Mini Truck,12,300505,4076,6.76,15,91,447,100.0,30,1
VH1605,Mini Truck,7,143347,1630,5.53,6,78,168,94.4,60,0
VH1606,Truck,11,249677,1698,3.17,12,50,313,103.5,30,1
VH1607,Mini Truck,3,68130,947,8.92,2,56,574,82.2,86,0
VH1608,Truck,6,238644,689,4.04,9,58,594,97.1,47,0
VH1609,Bus,4,146967,909,3.39,6,36,410,86.6,66,0
VH1610,Bus,7,346598,1963,2.63,10,100,75,98.6,51,1
VH1611,Truck,12,371775,1791,4.05,16,86,250,100.8,30,1
VH1612,Mini Truck,10,486583,3271,5.98,13,54,321,96.8,30,1
VH1613,Bus,3,149477,316,2.37,6,52,546,84.6,70,0
VH1614,Truck,7,150652,1437,3.2,7,63,153,96.6,46,1
VH1615,Van,10,333701,823,9.98,13,49,60,100.0,30,1
VH1616,Van,6,276468,584,12.64,8,68,522,95.6,48,1
VH1617,Mini Truck,2,91382,485,7.63,2,53,553,80.8,84,0
VH1618,Truck,9,263556,2423,3.86,10,81,114,99.4,36,1
VH1619,Mini Truck,4,195788,756,8.32,6,72,389,84.8,60,0
VH1620,Mini Truck,4,178652,1292,9.98,6,31,137,82.8,68,0
VH1621,Mini Truck,8,223005,1638,9.79,8,71,410,103.3,45,1
VH1622,Truck,7,207263,1666,4.31,8,33,549,100.4,43,0
VH1623,Mini Truck,9,446723,2545,7.43,12,67,217,97.8,30,1
VH1624,Mini Truck,9,223172,1113,5.84,8,98,566,101.5,33,1
VH1625,Truck,11,254326,1743,4.18,12,57,454,109.8,30,1
VH1626,Truck,4,150484,1211,4.12,2,39,177,89.9,81,0
VH1627,Truck,8,347922,1998,2.59,13,39,75,92.1,36,1
VH1628,Van,5,246298,544,11.45,7,59,284,92.1,74,0
VH1629,Bus,7,258259,1850,2.81,7,70,37,96.5,53,1
VH1630,Bus,11,282026,3070,2.01,13,38,66,101.9,30,1
VH1631,Truck,6,251815,697,3.22,8,68,108,95.1,52,1
VH1632,Mini Truck,8,259985,2258,9.11,10,33,505,95.5,41,1
VH1633,Van,9,295272,1278,12.48,11,99,322,103.0,32,1
VH1634,Van,5,197813,422,11.32,5,48,146,97.5,60,0
VH1635,Truck,1,38766,281,3.84,0,40,332,84.1,100,0
VH1636,Van,12,420277,1827,10.48,13,95,165,115.6,30,1
VH1637,Van,3,88939,871,13.01,3,54,137,89.3,80,0
VH1638,Van,11,517424,1102,13.11,16,100,492,104.1,30,1
VH1639,Truck,5,117658,913,2.75,5,92,358,91.7,64,0
VH1640,Mini Truck,3,147988,911,6.17,4,66,91,94.0,79,0
VH1641,Van,6,247365,1402,9.97,5,69,176,96.6,60,0
VH1642,Mini Truck,6,232278,825,5.02,8,61,246,92.4,59,0
VH1643,Bus,5,194237,675,3.36,7,72,511,90.9,57,0
VH1644,Bus,8,254041,1891,2.97,9,43,199,100.4,46,1
VH1645,Truck,5,136700,1503,2.99,6,39,97,95.4,65,0
VH1646,Truck,9,196354,3103,3.95,9,57,57,100.2,41,1
VH1647,Mini Truck,9,427518,1328,6.83,14,58,317,103.3,30,1
VH1648,Van,8,291366,2730,8.54,10,76,534,101.3,39,1
VH1649,Truck,11,345242,3395,4.21,12,95,163,100.8,30,1
VH1650,Bus,3,83480,819,3.9,2,48,515,88.9,77,0
VH1651,Mini Truck,1,27170,329,6.16,0,63,398,78.9,96,0
VH1652,Van,1,41908,185,11.11,1,76,417,83.2,96,0
VH1653,Bus,8,391093,830,2.08,12,71,125,90.6,32,1
VH1654,Mini Truck,12,378053,3330,7.72,14,52,405,99.2,30,1
VH1655,Bus,6,274056,1818,3.8,8,39,549,92.9,43,1
VH1656,Mini Truck,7,198431,1617,7.03,9,74,518,90.5,47,0
VH1657,Bus,10,203459,2855,3.76,11,86,189,96.6,30,1
VH1658,Van,2,73720,447,9.27,2,53,181,92.0,96,0
VH1659,Mini Truck,10,262039,1743,7.07,10,72,136,97.4,30,1
VH1660,Bus,11,471036,2842,2.42,14,50,440,104.6,30,1
VH1661,Truck,4,85655,581,3.93,4,50,157,91.9,78,0
VH1662,Truck,10,276999,1029,2.92,10,53,549,100.3,30,1
VH1663,Bus,10,495491,3411,2.04,15,66,107,92.7,30,1
VH1664,Van,8,318997,2570,13.2,11,51,244,93.2,34,1
VH1665,Bus,10,274822,3186,3.64,11,53,543,103.8,30,1
VH1666,Mini Truck,3,149861,590,9.61,3,38,255,94.0,77,0
VH1667,Bus,7,174658,782,2.03,7,96,536,98.4,48,1
VH1668,Bus,3,139365,338,2.35,5,34,564,86.8,74,0
VH1669,Truck,2,71604,293,4.75,3,99,21,87.1,87,0
VH1670,Bus,9,400559,2237,3.75,12,97,459,106.4,38,1
VH1671,Van,8,366977,2201,10.1,10,42,455,99.1,35,1
VH1672,Van,5,225079,876,13.46,7,40,310,92.8,55,0
VH1673,Bus,5,149550,411,3.42,7,30,555,95.0,67,0
VH1674,Truck,9,183771,2256,4.14,9,70,438,96.7,37,1
VH1675,Mini Truck,2,50143,596,8.26,2,62,287,82.2,74,0
VH1676,Bus,10,391702,3306,2.55,13,80,228,95.1,30,1
VH1677,Bus,9,432952,1452,2.74,13,91,279,96.7,36,1
VH1678,Mini Truck,10,380541,2430,8.68,13,45,255,101.2,30,1
VH1679,Bus,12,324827,1370,2.43,13,81,366,107.2,30,1
VH1680,Truck,3,111000,891,2.51,4,41,168,85.2,69,0
VH1681,Bus,10,428263,1161,2.13,14,58,399,101.5,30,1
VH1682,Truck,10,219794,2374,4.83,10,81,553,104.5,30,1
VH1683,Mini Truck,12,553247,1195,9.73,19,52,526,99.4,30,1
VH1684,Bus,1,26609,345,2.57,0,34,542,88.9,92,0
VH1685,Van,10,288857,947,10.16,11,30,181,100.2,30,1
VH1686,Truck,5,204709,1123,4.17,7,81,225,90.4,59,0
VH1687,Truck,12,275975,1329,3.87,12,74,375,106.1,30,1
VH1688,Mini Truck,4,159477,718,7.27,5,81,24,91.1,72,0
VH1689,Mini Truck,3,113363,758,5.53,3,39,535,97.6,80,0
VH1690,Mini Truck,6,150673,1531,9.78,8,98,276,91.1,54,1
VH1691,Bus,7,287631,1550,3.54,11,73,489,98.2,45,1
VH1692,Bus,10,214339,2774,2.23,10,38,411,97.7,30,1
VH1693,Van,11,340549,2173,10.47,15,75,548,96.5,30,1
VH1694,Truck,12,378071,1976,3.22,15,81,370,103.2,30,1
VH1695,Truck,9,273577,2671,3.28,11,57,295,97.6,40,1
VH1696,Van,12,598144,1738,10.99,16,55,260,99.7,30,1
VH1697,Van,5,154205,869,9.22,4,61,384,91.8,75,0
VH1698,Van,2,47856,240,12.05,2,93,26,88.9,79,0
VH1699,Truck,8,257306,1931,3.73,9,65,522,95.5,40,1
VH1700,Van,9,326940,2349,9.33,13,46,75,100.7,30,1
VH1701,Bus,8,301759,773,3.0,10,80,198,99.0,45,1
VH1702,Bus,2,85760,690,2.92,4,31,32,83.9,77,0
VH1703,Van,7,292307,766,9.95,8,63,211,94.6,51,1
VH1704,Mini Truck,4,115311,1285,9.79,5,73,394,90.7,68,0
VH1705,Van,8,271134,1502,10.51,10,77,393,93.7,50,1
VH1706,Bus,5,218155,768,3.14,5,59,122,93.2,75,0
VH1707,Mini Truck,4,152789,1205,9.28,5,55,169,90.2,68,0
VH1708,Van,8,371201,679,9.06,11,93,157,102.5,30,1
VH1709,Mini Truck,8,238652,1667,7.81,11,36,427,91.3,36,0
VH1710,Truck,12,325638,1205,3.04,14,62,507,104.5,30,1
VH1711,Truck,8,355190,2010,3.15,11,76,593,95.3,30,1
VH1712,Mini Truck,6,125199,1323,5.61,5,55,571,94.6,60,0
VH1713,Van,5,193089,1065,12.04,6,92,477,94.7,60,0
VH1714,Truck,7,300868,1146,3.66,9,48,191,97.8,46,1
VH1715,Mini Truck,7,305484,1814,7.86,8,39,101,91.7,53,1
VH1716,Van,6,179825,1122,9.9,8,67,293,98.7,55,1
VH1717,Bus,5,216627,1143,3.5,5,96,481,91.2,64,0
VH1718,Bus,3,84102,263,2.25,2,60,277,91.9,85,0
VH1719,Truck,4,101877,1133,2.76,4,38,504,89.1,73,0
VH1720,Truck,1,45261,283,3.81,1,40,126,86.2,100,0
VH1721,Mini Truck,10,281408,1145,8.27,11,79,336,98.6,30,1
VH1722,Van,4,176677,901,10.66,6,46,154,90.3,64,0
VH1723,Van,1,21151,262,13.16,2,71,507,92.2,87,0
VH1724,Bus,9,322823,2966,2.89,9,99,201,102.5,33,1
VH1725,Bus,11,515690,2661,3.05,16,98,337,93.6,30,1
VH1726,Mini Truck,8,301470,1570,9.02,9,86,335,99.9,42,1
VH1727,Mini Truck,7,208106,878,6.52,7,30,555,93.9,54,1
VH1728,Van,6,195173,1440,11.21,6,92,508,101.9,60,1
VH1729,Mini Truck,1,45096,300,8.99,4,59,27,82.9,80,0
VH1730,Mini Truck,4,133967,1215,6.97,4,50,419,94.7,71,0
VH1731,Bus,4,114469,482,2.84,6,60,549,85.2,67,0
VH1732,Mini Truck,5,239445,950,7.06,6,38,206,94.0,67,0
VH1733,Van,5,128929,1704,10.73,5,87,298,82.1,65,0
VH1734,Bus,4,122027,359,2.3,5,98,42,92.6,76,0
VH1735,Van,2,58488,435,8.75,1,86,28,90.7,93,0
VH1736,Van,2,49875,175,10.96,0,73,450,89.3,87,0
VH1737,Mini Truck,8,257359,2539,8.48,9,34,358,98.4,39,1
VH1738,Truck,3,67345,512,4.44,2,39,576,89.6,75,0
VH1739,Bus,3,85191,496,3.63,2,31,144,92.2,75,0
VH1740,Van,7,342172,1467,9.48,11,34,223,97.4,34,1
VH1741,Bus,12,289262,3094,3.33,13,56,504,107.8,30,1
VH1742,Bus,11,383635,2203,2.32,13,35,582,103.3,30,1
VH1743,Truck,5,226151,1707,3.25,6,76,73,90.1,70,0
VH1744,Van,2,55464,604,9.95,4,51,302,91.9,82,0
VH1745,Truck,7,346869,1057,2.52,9,35,506,92.2,49,1
VH1746,Van,6,143456,989,8.95,7,41,366,99.6,59,0
VH1747,Truck,1,31649,158,4.25,0,43,148,90.4,99,0
VH1748,Bus,4,121515,1031,3.61,4,86,217,87.2,60,0
VH1749,Truck,12,438059,2427,4.31,16,62,60,107.3,30,1
VH1750,Bus,12,469376,3249,2.59,17,92,214,102.7,30,1
VH1751,Van,9,362276,2045,12.39,13,65,587,96.8,32,1
VH1752,Van,2,74808,318,10.7,2,63,574,90.2,79,0
VH1753,Mini Truck,8,160188,2712,6.9,7,53,39,101.2,50,1
VH1754,Mini Truck,10,325192,2113,8.61,13,98,416,100.4,30,1
VH1755,Van,9,440859,2978,8.92,13,66,350,100.3,30,1
VH1756,Bus,11,388833,1332,2.19,13,38,64,107.3,30,1
VH1757,Van,3,64099,446,8.64,3,54,121,92.6,73,0
VH1758,Truck,10,403737,3494,3.72,13,62,70,105.3,33,1
VH1759,Mini Truck,4,159423,465,5.07,5,56,523,90.0,71,0
VH1760,Truck,8,369982,888,3.4,11,83,397,102.5,33,1
VH1761,Truck,10,339363,2966,2.6,12,39,331,95.5,30,1
VH1762,Truck,4,148089,518,2.75,5,59,564,94.2,66,0
VH1763,Bus,4,105312,1397,3.31,5,52,591,95.4,79,0
VH1764,Bus,12,295319,4098,3.28,13,75,489,100.4,30,1
VH1765,Bus,2,50932,344,3.1,1,94,365,93.0,80,0
VH1766,Van,9,412265,2163,13.41,14,100,352,95.0,30,1
VH1767,Mini Truck,7,340326,1856,7.15,10,71,266,92.7,49,1
VH1768,Van,7,340725,1686,13.56,12,62,388,92.9,38,1
VH1769,Bus,8,264094,640,3.45,10,66,36,99.2,39,1
VH1770,Van,5,101721,1015,13.91,6,57,342,97.1,57,0
VH1771,Truck,12,384681,3227,3.78,15,49,116,101.3,30,1
VH1772,Truck,8,253233,1279,2.85,9,76,275,93.2,43,1
VH1773,Van,5,178722,588,11.42,6,57,99,92.6,59,0
VH1774,Mini Truck,8,205325,2639,9.13,9,42,327,93.3,46,1
VH1775,Truck,12,542138,2522,2.7,18,37,362,98.6,30,1
VH1776,Mini Truck,7,249188,2337,5.6,8,59,31,92.8,40,0
VH1777,Bus,1,29987,348,2.08,1,99,598,87.3,93,0
VH1778,Van,6,251701,1909,9.32,7,36,422,94.7,53,1
VH1779,Bus,10,464623,1168,2.44,14,67,423,106.7,30,1
VH1780,Van,3,104062,324,10.86,2,36,581,92.8,85,0
VH1781,Bus,5,122302,1216,3.0,4,46,158,95.8,74,0
VH1782,Bus,9,283865,2718,2.79,10,55,594,94.8,40,1
VH1783,Van,4,89390,865,12.66,4,71,111,93.2,73,0
VH1784,Truck,11,436836,2614,3.41,15,54,348,96.2,30,1
VH1785,Mini Truck,10,212691,2048,5.85,12,74,472,99.1,30,1
VH1786,Van,8,171764,1596,9.2,7,77,179,99.1,48,1
VH1787,Truck,2,88469,215,3.11,2,48,314,92.5,84,0
VH1788,Truck,6,149170,1104,3.63,7,32,359,89.9,55,0
VH1789,Van,12,522069,1827,9.22,16,96,284,104.3,30,1
VH1790,Bus,10,274106,875,2.75,10,97,64,98.2,38,1
VH1791,Mini Truck,3,67878,530,6.0,2,64,74,89.6,80,0
VH1792,Bus,11,224369,1152,2.78,13,64,388,106.7,30,1
VH1793,Truck,1,29584,277,3.08,0,78,540,87.9,97,0
VH1794,Truck,6,247051,1702,3.83,7,53,223,90.5,64,0
VH1795,Bus,9,191266,882,2.49,9,97,332,105.0,41,1
VH1796,Mini Truck,8,263127,1283,5.09,10,75,383,98.8,32,1
VH1797,Mini Truck,4,145700,884,9.06,5,62,416,96.7,73,0
VH1798,Truck,9,326902,1643,2.88,12,80,160,105.3,30,1
VH1799,Truck,12,440386,3092,4.9,15,59,447,103.6,30,1
VH1800,Van,10,280084,2546,13.82,10,72,479,101.1,34,1
VH1801,Van,4,165520,603,11.49,5,55,161,95.4,73,0
VH1802,Mini Truck,12,514624,1513,7.15,19,48,598,100.0,30,1
VH1803,Van,6,137777,1621,11.2,5,45,208,87.5,49,0
VH1804,Mini Truck,3,63864,1023,6.59,3,82,441,90.2,76,0
VH1805,Mini Truck,8,355457,1761,5.76,9,54,129,94.2,42,1
VH1806,Van,3,63433,1020,13.92,4,64,600,89.4,78,0
VH1807,Van,10,321730,1745,12.12,12,75,101,107.0,30,1
VH1808,Bus,3,125840,859,2.94,3,77,208,87.5,81,0
VH1809,Bus,8,284216,1203,2.33,9,58,53,97.5,42,1
VH1810,Bus,1,28842,291,2.45,0,55,229,87.8,89,0
VH1811,Truck,3,117577,871,3.72,2,71,488,89.9,72,0
VH1812,Van,7,246133,2149,8.25,6,78,340,97.6,58,1
VH1813,Bus,10,499858,3232,3.07,14,34,553,102.2,30,1
VH1814,Truck,8,279773,813,4.69,10,61,551,98.3,40,1
VH1815,Bus,12,260579,3244,2.77,11,36,214,102.1,30,1
VH1816,Mini Truck,8,264343,1887,8.87,10,66,492,108.9,41,1
VH1817,Van,7,217180,1815,13.51,8,96,165,99.2,51,1
VH1818,Bus,11,456819,1250,3.45,15,44,204,103.9,30,1
VH1819,Van,7,248412,1222,10.71,8,52,484,97.4,44,0
VH1820,Van,8,183640,1664,9.94,7,50,146,100.0,46,1
VH1821,Truck,2,86283,620,4.09,4,40,556,86.9,84,0
VH1822,Bus,12,508260,3467,3.9,16,78,583,101.8,30,1
VH1823,Bus,1,45174,167,3.82,0,49,186,80.8,97,0
VH1824,Van,3,66725,669,9.85,3,87,315,87.1,75,0
VH1825,Van,2,98886,294,13.76,2,30,279,88.5,88,0
VH1826,Truck,8,290450,2682,3.86,8,30,525,102.7,50,1
VH1827,Van,4,157183,1294,10.72,3,86,101,95.3,79,0
VH1828,Truck,4,195627,889,4.05,5,56,70,85.8,75,0
VH1829,Van,3,67217,908,10.09,3,48,53,91.7,90,0
VH1830,Mini Truck,6,142990,580,5.54,7,52,185,90.3,54,0
VH1831,Mini Truck,10,494742,1526,9.83,14,76,56,96.0,30,1
VH1832,Truck,5,184625,1154,4.74,7,38,457,91.6,61,0
VH1833,Truck,5,223421,675,2.81,5,65,357,91.3,64,0
VH1834,Bus,9,290019,1576,3.22,13,43,561,94.1,36,1
VH1835,Truck,8,349811,1816,3.57,12,70,285,98.1,44,1
VH1836,Mini Truck,3,140516,816,7.48,4,93,524,91.1,76,0
VH1837,Van,10,322013,1989,13.88,13,30,141,104.4,30,1
VH1838,Truck,8,323960,1123,4.34,9,56,444,96.2,37,1
VH1839,Bus,1,30937,259,3.12,1,57,31,91.4,90,0
VH1840,Van,12,387653,2002,12.74,15,69,327,103.2,30,1
VH1841,Mini Truck,1,23730,250,6.71,0,33,199,84.1,96,0
VH1842,Van,6,208588,1857,10.87,8,90,56,92.0,44,0
VH1843,Van,8,200733,2526,13.35,9,98,363,92.0,34,1
VH1844,Bus,7,334664,674,3.67,10,68,598,93.0,53,1
VH1845,Mini Truck,9,189813,1573,7.89,9,72,382,103.7,41,1
VH1846,Truck,3,96760,271,3.35,3,78,567,97.9,80,0
VH1847,Van,10,404244,1567,11.57,15,69,342,105.6,30,1
VH1848,Truck,5,208493,577,3.74,7,60,400,95.0,55,0
VH1849,Bus,5,156659,1475,2.6,6,44,403,98.1,66,0
VH1850,Truck,4,199715,509,3.61,5,33,514,89.1,71,0
VH1851,Van,4,124579,1310,12.39,5,97,337,91.8,71,0
VH1852,Mini Truck,3,72878,768,8.38,5,46,230,93.8,75,0
VH1853,Truck,8,261603,2779,2.79,11,69,65,92.9,39,1
VH1854,Truck,6,242388,574,2.76,10,69,43,93.1,45,0
VH1855,Mini Truck,11,330019,2194,6.0,12,66,303,98.5,30,1
VH1856,Mini Truck,8,335931,1121,6.36,12,50,300,96.4,30,1
VH1857,Truck,1,40412,343,2.76,1,99,378,87.4,90,0
VH1858,Mini Truck,5,137108,980,7.87,7,51,92,90.8,66,0
VH1859,Mini Truck,10,377596,3014,7.22,13,46,49,103.7,30,1
VH1860,Bus,11,246453,1313,2.77,12,41,456,101.3,30,1
VH1861,Bus,3,138134,846,3.26,5,87,384,86.2,71,0
VH1862,Mini Truck,6,171943,1940,8.79,6,98,100,96.8,50,1
VH1863,Bus,10,269098,1180,3.63,12,89,119,102.2,30,1
VH1864,Bus,5,222000,1363,2.46,6,58,167,94.8,64,0
VH1865,Mini Truck,6,222780,855,8.5,7,72,352,90.0,46,0
VH1866,Bus,8,167933,907,2.95,8,74,510,99.0,41,1
VH1867,Bus,3,96996,1026,2.7,3,46,540,84.6,84,0
VH1868,Truck,7,327242,2191,2.77,10,39,329,94.3,42,1
VH1869,Bus,7,294805,1406,2.48,10,61,581,92.7,45,1
VH1870,Van,8,260615,910,10.04,11,85,465,93.8,39,1
VH1871,Mini Truck,9,303812,1428,8.31,11,39,518,98.1,30,1
VH1872,Truck,10,442697,2132,3.89,15,86,200,97.6,30,1
VH1873,Mini Truck,7,158247,1785,5.54,8,78,355,90.7,52,0
VH1874,Bus,11,252234,1250,2.44,13,47,20,106.8,30,1
VH1875,Van,11,298232,2735,11.19,14,79,477,109.5,30,1
VH1876,Van,4,169327,968,9.8,5,68,465,95.2,70,0
VH1877,Mini Truck,2,78189,168,8.06,2,95,433,86.6,93,0
VH1878,Van,5,116360,1156,13.41,4,36,20,98.6,69,0
VH1879,Mini Truck,2,96442,448,9.33,1,60,462,89.5,77,0
VH1880,Bus,11,386790,3795,2.77,14,78,465,105.0,30,1
VH1881,Van,11,310916,2825,8.83,13,79,388,109.3,30,1
VH1882,Bus,3,97810,926,2.25,2,31,93,95.4,90,0
VH1883,Truck,3,123792,913,3.59,4,47,106,93.5,83,0
VH1884,Van,11,438028,2747,13.36,14,84,204,99.6,30,1
VH1885,Bus,9,402363,2981,3.64,14,79,383,100.8,30,1
VH1886,Van,3,115675,859,8.04,6,93,262,87.4,71,0
VH1887,Mini Truck,7,283174,1740,6.83,9,34,514,101.7,51,1
VH1888,Mini Truck,2,78028,653,9.81,3,40,165,89.9,84,0
VH1889,Mini Truck,8,295515,960,7.62,11,41,271,86.9,36,1
VH1890,Bus,11,260937,3681,3.27,12,69,74,96.9,30,1
VH1891,Mini Truck,9,185653,2640,7.27,9,90,359,105.5,44,1
VH1892,Bus,6,197232,1072,2.34,7,68,597,93.4,55,0
VH1893,Mini Truck,1,40620,322,7.89,0,36,318,90.2,96,0
VH1894,Truck,5,227076,568,2.82,7,39,304,95.7,63,1
VH1895,Mini Truck,3,140713,527,6.38,4,62,34,92.0,72,0
VH1896,Truck,10,291547,3223,4.35,13,87,398,97.5,30,1
VH1897,Van,5,161917,1393,9.08,7,97,53,92.4,63,1
VH1898,Mini Truck,2,49507,317,9.19,2,82,412,86.1,87,0
VH1899,Van,11,450783,3491,9.0,15,74,75,98.8,30,1
VH1900,Mini Truck,2,43442,331,7.32,1,90,328,85.2,79,0
VH1901,Bus,12,519194,1917,2.76,16,79,505,96.2,30,1
VH1902,Mini Truck,3,129526,685,5.06,3,87,411,93.7,73,0
VH1903,Mini Truck,9,201505,1118,9.59,9,75,462,97.0,34,1
VH1904,Mini Truck,6,190864,1026,9.01,8,62,420,89.4,52,0
VH1905,Bus,11,346771,3632,3.18,14,54,552,101.4,30,1
VH1906,Mini Truck,11,314328,2163,7.74,13,31,89,94.4,30,1
VH1907,Truck,7,165611,1635,2.76,8,87,379,96.2,62,0
VH1908,Van,12,388529,1991,9.16,13,33,114,106.1,30,1
VH1909,Truck,10,313678,3255,4.1,12,45,108,92.5,30,1
VH1910,Van,7,312069,2124,13.4,8,53,133,86.2,51,1
VH1911,Van,5,177219,1356,11.96,8,39,484,97.0,62,1
VH1912,Mini Truck,7,321461,2410,8.34,10,71,283,87.8,43,1
VH1913,Van,2,58172,223,10.3,3,72,81,87.8,76,0
VH1914,Mini Truck,5,146643,1302,5.35,6,55,422,99.3,69,0
VH1915,Van,11,477979,1324,8.86,15,85,243,105.3,30,1
VH1916,Truck,8,347537,1700,2.76,9,39,92,93.3,49,1
VH1917,Mini Truck,8,164919,2678,5.74,8,30,58,96.0,42,1
VH1918,Bus,5,139742,1075,3.81,7,30,547,99.0,72,0
VH1919,Bus,8,274309,2294,3.69,10,38,573,88.6,44,1
VH1920,Van,1,32596,326,8.73,0,98,387,88.1,88,0
VH1921,Mini Truck,11,378769,2520,5.28,14,41,394,97.9,30,1
VH1922,Mini Truck,2,95127,630,8.8,3,67,227,86.3,85,0
VH1923,Van,9,200620,2293,11.96,9,68,419,98.8,39,1
VH1924,Truck,11,408356,2872,2.71,14,86,214,97.5,30,1
VH1925,Van,1,26327,92,12.32,2,60,520,87.0,86,0
VH1926,Bus,2,91952,475,3.0,3,87,36,89.9,86,0
VH1927,Truck,6,134694,1171,4.47,5,35,435,91.3,56,0
VH1928,Truck,4,185788,1391,3.65,5,98,172,93.2,71,0
VH1929,Van,2,42416,304,10.93,2,32,502,93.4,89,0
VH1930,Truck,4,171920,587,2.54,5,36,334,86.3,66,0
VH1931,Truck,8,320229,1339,4.59,10,38,128,100.3,39,1
VH1932,Truck,8,315969,1543,2.66,10,55,456,94.1,39,1
VH1933,Mini Truck,12,595675,2606,6.62,18,99,160,109.4,30,1
VH1934,Mini Truck,4,180168,413,7.97,5,72,84,86.1,79,0
VH1935,Truck,5,137024,1250,2.92,4,77,586,97.2,65,0
VH1936,Van,8,223869,806,8.8,8,78,181,92.6,56,1
VH1937,Truck,8,181160,666,2.52,9,41,310,99.0,61,0
VH1938,Bus,12,489567,3795,2.25,16,48,297,101.0,30,1
VH1939,Bus,7,202718,917,3.22,8,34,204,89.3,47,0
VH1940,Bus,10,246148,3368,3.65,10,68,376,101.3,30,1
VH1941,Bus,1,38275,200,2.38,2,97,117,84.8,85,0
VH1942,Mini Truck,9,446097,1618,7.32,13,56,303,103.5,30,1
VH1943,Truck,4,94769,625,4.21,4,90,529,88.1,75,0
VH1944,Van,3,147836,284,8.32,5,76,311,96.9,74,0
VH1945,Van,7,205898,1244,11.7,9,88,64,95.9,53,1
VH1946,Truck,12,267502,3161,2.94,12,33,516,98.2,30,1
VH1947,Truck,2,98659,400,4.3,3,71,449,90.8,76,0
VH1948,Van,12,594865,2294,9.38,16,44,353,107.6,30,1
VH1949,Van,2,55539,582,13.22,2,78,245,84.1,81,0
VH1950,Truck,8,313378,2624,2.64,11,85,168,101.2,32,1
VH1951,Van,10,438546,1529,10.32,12,47,488,99.6,30,1
VH1952,Van,11,408004,1984,9.21,13,46,52,96.5,30,1
VH1953,Truck,5,135783,627,4.63,4,88,448,88.1,68,0
VH1954,Van,6,177633,1084,11.62,7,51,586,95.9,47,1
VH1955,Van,2,66980,694,10.94,2,57,504,92.8,89,0
VH1956,Bus,5,103802,1276,3.47,5,61,273,98.6,60,0
VH1957,Mini Truck,7,291903,1015,9.46,11,49,25,99.2,41,1
VH1958,Bus,1,21312,320,3.47,2,94,54,82.1,86,0
VH1959,Bus,9,386737,2683,3.62,12,42,483,96.4,30,1
VH1960,Bus,4,90890,345,3.39,5,82,243,90.0,71,0
VH1961,Van,6,197539,969,11.89,7,41,36,86.7,57,0
VH1962,Bus,11,379822,1542,3.41,15,33,485,95.0,30,1
VH1963,Bus,3,113131,429,3.58,3,77,495,90.0,73,0
VH1964,Truck,11,257066,2456,4.73,12,72,563,104.4,30,1
VH1965,Truck,5,211647,952,4.25,8,99,232,100.1,63,1
VH1966,Truck,10,376000,1024,3.79,11,76,72,96.2,30,1
VH1967,Truck,7,235837,1513,4.05,9,76,395,91.0,59,0
VH1968,Van,11,512967,3767,8.4,16,56,161,98.8,30,1
VH1969,Mini Truck,4,150730,552,8.25,7,56,250,84.0,68,0
VH1970,Mini Truck,6,190086,1511,8.4,7,65,75,95.8,53,0
VH1971,Truck,6,210499,1406,3.72,7,97,145,92.3,65,0
VH1972,Bus,12,518871,3738,3.65,15,67,482,105.6,30,1
VH1973,Mini Truck,11,254407,1651,9.46,13,88,109,103.2,30,1
VH1974,Truck,7,186874,1150,4.9,6,39,131,94.2,58,0
VH1975,Van,5,129366,703,10.98,5,56,553,88.2,61,0
VH1976,Truck,5,209192,1508,4.83,6,90,375,89.1,69,0
VH1977,Bus,8,353386,727,2.58,11,38,42,94.8,31,1
VH1978,Van,9,356096,2406,11.47,12,71,517,100.3,30,1
VH1979,Bus,8,239713,1180,3.8,7,69,195,98.6,45,1
VH1980,Mini Truck,4,143470,1081,9.85,5,36,171,98.8,69,0
VH1981,Mini Truck,5,219518,740,8.09,6,50,568,87.9,61,0
VH1982,Mini Truck,3,82984,965,8.46,3,49,185,89.7,87,0
VH1983,Van,2,42696,484,11.45,2,86,286,87.5,82,0
VH1984,Mini Truck,3,86890,815,8.54,3,70,372,85.9,79,0
VH1985,Van,6,237552,1585,13.85,8,98,328,93.1,50,1
VH1986,Truck,1,33256,335,4.42,2,88,347,85.2,93,0
VH1987,Van,1,44199,339,9.99,2,67,505,81.0,87,0
VH1988,Mini Truck,10,277114,3115,8.64,11,86,366,96.9,36,1
VH1989,Truck,12,491124,1124,2.85,15,100,139,100.8,30,1
VH1990,Mini Truck,1,33160,192,7.23,0,41,354,84.9,96,0
VH1991,Truck,10,302314,3189,3.82,11,65,220,99.6,30,1
VH1992,Truck,2,75285,616,4.19,1,41,544,89.3,96,0
VH1993,Bus,4,144286,970,3.21,5,95,77,91.9,73,0
VH1994,Mini Truck,7,178783,2026,9.27,6,77,415,102.3,54,0
VH1995,Mini Truck,1,29327,256,6.76,2,87,594,93.0,88,0
VH1996,Truck,4,175401,1229,4.35,5,83,473,92.1,70,0
VH1997,Mini Truck,3,115552,986,9.48,5,47,108,88.6,80,0
VH1998,Van,4,119745,1292,13.93,5,97,363,90.1,73,0
VH1999,Truck,10,397012,1162,2.52,13,64,444,109.4,30,1
